text,lang,category
The political parties have a significant impact on society.,en,politics
global economy on monien maiden ensisijainen tavoite.,fi,economy
government policies on monien maiden ensisijainen tavoite.,fi,politics
student welfare on monien maiden ensisijainen tavoite.,fi,education
political parties on monien maiden ensisijainen tavoite.,fi,politics
Viimeaikaiset edistysaskeleet political parties ovat olleet huomattavia.,fi,politics
Viimeaikaiset edistysaskeleet economic policies ovat olleet huomattavia.,fi,economy
The financial growth have a significant impact on society.,en,economy
Recent advancements in disease prevention have been remarkable.,en,health
The market stability have a significant impact on society.,en,economy
Recent advancements in disease prevention have been remarkable.,en,health
university programs vaikuttaa merkittävästi yhteiskuntaan.,fi,education
Viimeaikaiset edistysaskeleet school curriculum ovat olleet huomattavia.,fi,education
teacher training on monien maiden ensisijainen tavoite.,fi,education
global economy on monien maiden ensisijainen tavoite.,fi,economy
education reform on monien maiden ensisijainen tavoite.,fi,education
Recent advancements in international relations have been remarkable.,en,politics
financial growth on monien maiden ensisijainen tavoite.,fi,economy
medical advancements vaikuttaa merkittävästi yhteiskuntaan.,fi,health
nutrition programs on monien maiden ensisijainen tavoite.,fi,health
The medical advancements have a significant impact on society.,en,health
Viimeaikaiset edistysaskeleet legislative reforms ovat olleet huomattavia.,fi,politics
Recent advancements in healthcare access have been remarkable.,en,health
teacher training on monien maiden ensisijainen tavoite.,fi,education
teacher training vaikuttaa merkittävästi yhteiskuntaan.,fi,education
The legislative reforms have a significant impact on society.,en,politics
public health is a priority for many nations.,en,health
economic policies on monien maiden ensisijainen tavoite.,fi,economy
political parties on monien maiden ensisijainen tavoite.,fi,politics
democratic systems vaikuttaa merkittävästi yhteiskuntaan.,fi,politics
The mental well-being have a significant impact on society.,en,health
medical advancements vaikuttaa merkittävästi yhteiskuntaan.,fi,health
medical advancements on monien maiden ensisijainen tavoite.,fi,health
global economy vaikuttaa merkittävästi yhteiskuntaan.,fi,economy
government policies is a priority for many nations.,en,politics
The mental well-being have a significant impact on society.,en,health
student welfare vaikuttaa merkittävästi yhteiskuntaan.,fi,education
Viimeaikaiset edistysaskeleet disease prevention ovat olleet huomattavia.,fi,health
Recent advancements in disease prevention have been remarkable.,en,health
university programs on monien maiden ensisijainen tavoite.,fi,education
The democratic systems have a significant impact on society.,en,politics
elections vaikuttaa merkittävästi yhteiskuntaan.,fi,politics
international relations is a priority for many nations.,en,politics
trade agreements vaikuttaa merkittävästi yhteiskuntaan.,fi,economy
mental well-being is a priority for many nations.,en,health
political parties is a priority for many nations.,en,politics
student welfare on monien maiden ensisijainen tavoite.,fi,education
Viimeaikaiset edistysaskeleet education reform ovat olleet huomattavia.,fi,education
financial growth on monien maiden ensisijainen tavoite.,fi,economy
trade agreements vaikuttaa merkittävästi yhteiskuntaan.,fi,economy
financial growth is a priority for many nations.,en,economy
global economy vaikuttaa merkittävästi yhteiskuntaan.,fi,economy
disease prevention on monien maiden ensisijainen tavoite.,fi,health
The elections have a significant impact on society.,en,politics
Recent advancements in medical advancements have been remarkable.,en,health
elections vaikuttaa merkittävästi yhteiskuntaan.,fi,politics
Viimeaikaiset edistysaskeleet university programs ovat olleet huomattavia.,fi,education
market stability is a priority for many nations.,en,economy
mental well-being on monien maiden ensisijainen tavoite.,fi,health
democratic systems on monien maiden ensisijainen tavoite.,fi,politics
market stability vaikuttaa merkittävästi yhteiskuntaan.,fi,economy
teacher training vaikuttaa merkittävästi yhteiskuntaan.,fi,education
Viimeaikaiset edistysaskeleet political parties ovat olleet huomattavia.,fi,politics
Recent advancements in university programs have been remarkable.,en,education
mental well-being on monien maiden ensisijainen tavoite.,fi,health
Recent advancements in democratic systems have been remarkable.,en,politics
The investment strategies have a significant impact on society.,en,economy
student welfare vaikuttaa merkittävästi yhteiskuntaan.,fi,education
Viimeaikaiset edistysaskeleet disease prevention ovat olleet huomattavia.,fi,health
Viimeaikaiset edistysaskeleet global economy ovat olleet huomattavia.,fi,economy
The teacher training have a significant impact on society.,en,education
Recent advancements in mental well-being have been remarkable.,en,health
The public health have a significant impact on society.,en,health
student welfare vaikuttaa merkittävästi yhteiskuntaan.,fi,education
The student welfare have a significant impact on society.,en,education
The legislative reforms have a significant impact on society.,en,politics
Recent advancements in student welfare have been remarkable.,en,education
elections on monien maiden ensisijainen tavoite.,fi,politics
teacher training is a priority for many nations.,en,education
medical advancements vaikuttaa merkittävästi yhteiskuntaan.,fi,health
elections is a priority for many nations.,en,politics
school curriculum is a priority for many nations.,en,education
The market stability have a significant impact on society.,en,economy
The education reform have a significant impact on society.,en,education
trade agreements is a priority for many nations.,en,economy
trade agreements is a priority for many nations.,en,economy
Recent advancements in government policies have been remarkable.,en,politics
teacher training vaikuttaa merkittävästi yhteiskuntaan.,fi,education
healthcare access vaikuttaa merkittävästi yhteiskuntaan.,fi,health
public health on monien maiden ensisijainen tavoite.,fi,health
The government policies have a significant impact on society.,en,politics
The trade agreements have a significant impact on society.,en,economy
Recent advancements in trade agreements have been remarkable.,en,economy
Viimeaikaiset edistysaskeleet university programs ovat olleet huomattavia.,fi,education
elections vaikuttaa merkittävästi yhteiskuntaan.,fi,politics
mental well-being on monien maiden ensisijainen tavoite.,fi,health
Recent advancements in financial growth have been remarkable.,en,economy
elections vaikuttaa merkittävästi yhteiskuntaan.,fi,politics
teacher training on monien maiden ensisijainen tavoite.,fi,education
democratic systems vaikuttaa merkittävästi yhteiskuntaan.,fi,politics
trade agreements on monien maiden ensisijainen tavoite.,fi,economy
market stability vaikuttaa merkittävästi yhteiskuntaan.,fi,economy
nutrition programs is a priority for many nations.,en,health
trade agreements vaikuttaa merkittävästi yhteiskuntaan.,fi,economy
economic policies is a priority for many nations.,en,economy
The teacher training have a significant impact on society.,en,education
The mental well-being have a significant impact on society.,en,health
public health is a priority for many nations.,en,health
healthcare access vaikuttaa merkittävästi yhteiskuntaan.,fi,health
Recent advancements in nutrition programs have been remarkable.,en,health
education reform vaikuttaa merkittävästi yhteiskuntaan.,fi,education
Viimeaikaiset edistysaskeleet economic policies ovat olleet huomattavia.,fi,economy
university programs is a priority for many nations.,en,education
The trade agreements have a significant impact on society.,en,economy
The market stability have a significant impact on society.,en,economy
The healthcare access have a significant impact on society.,en,health
political parties on monien maiden ensisijainen tavoite.,fi,politics
teacher training is a priority for many nations.,en,education
trade agreements on monien maiden ensisijainen tavoite.,fi,economy
Viimeaikaiset edistysaskeleet nutrition programs ovat olleet huomattavia.,fi,health
The medical advancements have a significant impact on society.,en,health
international relations on monien maiden ensisijainen tavoite.,fi,politics
government policies is a priority for many nations.,en,politics
Viimeaikaiset edistysaskeleet government policies ovat olleet huomattavia.,fi,politics
Viimeaikaiset edistysaskeleet elections ovat olleet huomattavia.,fi,politics
Recent advancements in global economy have been remarkable.,en,economy
Recent advancements in elections have been remarkable.,en,politics
school curriculum is a priority for many nations.,en,education
medical advancements on monien maiden ensisijainen tavoite.,fi,health
The education reform have a significant impact on society.,en,education
Recent advancements in legislative reforms have been remarkable.,en,politics
global economy on monien maiden ensisijainen tavoite.,fi,economy
government policies vaikuttaa merkittävästi yhteiskuntaan.,fi,politics
political parties vaikuttaa merkittävästi yhteiskuntaan.,fi,politics
Recent advancements in market stability have been remarkable.,en,economy
global economy vaikuttaa merkittävästi yhteiskuntaan.,fi,economy
mental well-being vaikuttaa merkittävästi yhteiskuntaan.,fi,health
Recent advancements in healthcare access have been remarkable.,en,health
trade agreements vaikuttaa merkittävästi yhteiskuntaan.,fi,economy
Recent advancements in learning systems have been remarkable.,en,education
Viimeaikaiset edistysaskeleet mental well-being ovat olleet huomattavia.,fi,health
Viimeaikaiset edistysaskeleet student welfare ovat olleet huomattavia.,fi,education
Viimeaikaiset edistysaskeleet teacher training ovat olleet huomattavia.,fi,education
education reform vaikuttaa merkittävästi yhteiskuntaan.,fi,education
The school curriculum have a significant impact on society.,en,education
Viimeaikaiset edistysaskeleet nutrition programs ovat olleet huomattavia.,fi,health
public health vaikuttaa merkittävästi yhteiskuntaan.,fi,health
Recent advancements in trade agreements have been remarkable.,en,economy
Recent advancements in democratic systems have been remarkable.,en,politics
The trade agreements have a significant impact on society.,en,economy
Viimeaikaiset edistysaskeleet disease prevention ovat olleet huomattavia.,fi,health
university programs is a priority for many nations.,en,education
nutrition programs vaikuttaa merkittävästi yhteiskuntaan.,fi,health
market stability vaikuttaa merkittävästi yhteiskuntaan.,fi,economy
Recent advancements in financial growth have been remarkable.,en,economy
international relations vaikuttaa merkittävästi yhteiskuntaan.,fi,politics
Recent advancements in elections have been remarkable.,en,politics
trade agreements vaikuttaa merkittävästi yhteiskuntaan.,fi,economy
Viimeaikaiset edistysaskeleet nutrition programs ovat olleet huomattavia.,fi,health
elections vaikuttaa merkittävästi yhteiskuntaan.,fi,politics
nutrition programs on monien maiden ensisijainen tavoite.,fi,health
financial growth vaikuttaa merkittävästi yhteiskuntaan.,fi,economy
school curriculum on monien maiden ensisijainen tavoite.,fi,education
economic policies on monien maiden ensisijainen tavoite.,fi,economy
Recent advancements in global economy have been remarkable.,en,economy
elections is a priority for many nations.,en,politics
Viimeaikaiset edistysaskeleet investment strategies ovat olleet huomattavia.,fi,economy
The trade agreements have a significant impact on society.,en,economy
The healthcare access have a significant impact on society.,en,health
medical advancements vaikuttaa merkittävästi yhteiskuntaan.,fi,health
The legislative reforms have a significant impact on society.,en,politics
student welfare is a priority for many nations.,en,education
The public health have a significant impact on society.,en,health
mental well-being on monien maiden ensisijainen tavoite.,fi,health
student welfare is a priority for many nations.,en,education
The global economy have a significant impact on society.,en,economy
Recent advancements in medical advancements have been remarkable.,en,health
Viimeaikaiset edistysaskeleet university programs ovat olleet huomattavia.,fi,education
Recent advancements in global economy have been remarkable.,en,economy
The investment strategies have a significant impact on society.,en,economy
healthcare access is a priority for many nations.,en,health
learning systems is a priority for many nations.,en,education
Recent advancements in democratic systems have been remarkable.,en,politics
Viimeaikaiset edistysaskeleet global economy ovat olleet huomattavia.,fi,economy
Recent advancements in financial growth have been remarkable.,en,economy
The political parties have a significant impact on society.,en,politics
The disease prevention have a significant impact on society.,en,health
economic policies on monien maiden ensisijainen tavoite.,fi,economy
university programs is a priority for many nations.,en,education
The democratic systems have a significant impact on society.,en,politics
medical advancements vaikuttaa merkittävästi yhteiskuntaan.,fi,health
elections is a priority for many nations.,en,politics
The healthcare access have a significant impact on society.,en,health
The disease prevention have a significant impact on society.,en,health
student welfare is a priority for many nations.,en,education
The international relations have a significant impact on society.,en,politics
market stability on monien maiden ensisijainen tavoite.,fi,economy
investment strategies on monien maiden ensisijainen tavoite.,fi,economy
Viimeaikaiset edistysaskeleet market stability ovat olleet huomattavia.,fi,economy
Recent advancements in healthcare access have been remarkable.,en,health
Viimeaikaiset edistysaskeleet student welfare ovat olleet huomattavia.,fi,education
elections on monien maiden ensisijainen tavoite.,fi,politics
The disease prevention have a significant impact on society.,en,health
global economy is a priority for many nations.,en,economy
Recent advancements in financial growth have been remarkable.,en,economy
The medical advancements have a significant impact on society.,en,health
teacher training on monien maiden ensisijainen tavoite.,fi,education
Viimeaikaiset edistysaskeleet investment strategies ovat olleet huomattavia.,fi,economy
Viimeaikaiset edistysaskeleet international relations ovat olleet huomattavia.,fi,politics
Recent advancements in government policies have been remarkable.,en,politics
mental well-being vaikuttaa merkittävästi yhteiskuntaan.,fi,health
nutrition programs is a priority for many nations.,en,health
Recent advancements in market stability have been remarkable.,en,economy
Viimeaikaiset edistysaskeleet nutrition programs ovat olleet huomattavia.,fi,health
elections vaikuttaa merkittävästi yhteiskuntaan.,fi,politics
Viimeaikaiset edistysaskeleet financial growth ovat olleet huomattavia.,fi,economy
The university programs have a significant impact on society.,en,education
trade agreements on monien maiden ensisijainen tavoite.,fi,economy
university programs vaikuttaa merkittävästi yhteiskuntaan.,fi,education
medical advancements vaikuttaa merkittävästi yhteiskuntaan.,fi,health
Recent advancements in global economy have been remarkable.,en,economy
healthcare access on monien maiden ensisijainen tavoite.,fi,health
disease prevention vaikuttaa merkittävästi yhteiskuntaan.,fi,health
The government policies have a significant impact on society.,en,politics
global economy is a priority for many nations.,en,economy
legislative reforms on monien maiden ensisijainen tavoite.,fi,politics
Viimeaikaiset edistysaskeleet medical advancements ovat olleet huomattavia.,fi,health
elections is a priority for many nations.,en,politics
Viimeaikaiset edistysaskeleet market stability ovat olleet huomattavia.,fi,economy
democratic systems on monien maiden ensisijainen tavoite.,fi,politics
Recent advancements in government policies have been remarkable.,en,politics
elections vaikuttaa merkittävästi yhteiskuntaan.,fi,politics
nutrition programs is a priority for many nations.,en,health
school curriculum vaikuttaa merkittävästi yhteiskuntaan.,fi,education
student welfare vaikuttaa merkittävästi yhteiskuntaan.,fi,education
market stability is a priority for many nations.,en,economy
The international relations have a significant impact on society.,en,politics
Recent advancements in student welfare have been remarkable.,en,education
disease prevention on monien maiden ensisijainen tavoite.,fi,health
Recent advancements in financial growth have been remarkable.,en,economy
The teacher training have a significant impact on society.,en,education
Viimeaikaiset edistysaskeleet school curriculum ovat olleet huomattavia.,fi,education
The mental well-being have a significant impact on society.,en,health
education reform is a priority for many nations.,en,education
The trade agreements have a significant impact on society.,en,economy
Viimeaikaiset edistysaskeleet investment strategies ovat olleet huomattavia.,fi,economy
trade agreements vaikuttaa merkittävästi yhteiskuntaan.,fi,economy
Recent advancements in trade agreements have been remarkable.,en,economy
democratic systems vaikuttaa merkittävästi yhteiskuntaan.,fi,politics
The market stability have a significant impact on society.,en,economy
economic policies vaikuttaa merkittävästi yhteiskuntaan.,fi,economy
government policies is a priority for many nations.,en,politics
Recent advancements in nutrition programs have been remarkable.,en,health
teacher training vaikuttaa merkittävästi yhteiskuntaan.,fi,education
Viimeaikaiset edistysaskeleet mental well-being ovat olleet huomattavia.,fi,health
Recent advancements in disease prevention have been remarkable.,en,health
nutrition programs is a priority for many nations.,en,health
Viimeaikaiset edistysaskeleet mental well-being ovat olleet huomattavia.,fi,health
market stability is a priority for many nations.,en,economy
The political parties have a significant impact on society.,en,politics
university programs on monien maiden ensisijainen tavoite.,fi,education
market stability vaikuttaa merkittävästi yhteiskuntaan.,fi,economy
economic policies vaikuttaa merkittävästi yhteiskuntaan.,fi,economy
legislative reforms is a priority for many nations.,en,politics
The student welfare have a significant impact on society.,en,education
political parties on monien maiden ensisijainen tavoite.,fi,politics
global economy vaikuttaa merkittävästi yhteiskuntaan.,fi,economy
The government policies have a significant impact on society.,en,politics
global economy is a priority for many nations.,en,economy
market stability vaikuttaa merkittävästi yhteiskuntaan.,fi,economy
The democratic systems have a significant impact on society.,en,politics
healthcare access is a priority for many nations.,en,health
The teacher training have a significant impact on society.,en,education
The global economy have a significant impact on society.,en,economy
student welfare is a priority for many nations.,en,education
democratic systems on monien maiden ensisijainen tavoite.,fi,politics
The university programs have a significant impact on society.,en,education
legislative reforms vaikuttaa merkittävästi yhteiskuntaan.,fi,politics
elections vaikuttaa merkittävästi yhteiskuntaan.,fi,politics
Recent advancements in nutrition programs have been remarkable.,en,health
The healthcare access have a significant impact on society.,en,health
Viimeaikaiset edistysaskeleet university programs ovat olleet huomattavia.,fi,education
Recent advancements in nutrition programs have been remarkable.,en,health
Viimeaikaiset edistysaskeleet student welfare ovat olleet huomattavia.,fi,education
trade agreements is a priority for many nations.,en,economy
Recent advancements in education reform have been remarkable.,en,education
The market stability have a significant impact on society.,en,economy
healthcare access is a priority for many nations.,en,health
economic policies is a priority for many nations.,en,economy
Viimeaikaiset edistysaskeleet healthcare access ovat olleet huomattavia.,fi,health
Viimeaikaiset edistysaskeleet school curriculum ovat olleet huomattavia.,fi,education
Viimeaikaiset edistysaskeleet democratic systems ovat olleet huomattavia.,fi,politics
democratic systems is a priority for many nations.,en,politics
Viimeaikaiset edistysaskeleet education reform ovat olleet huomattavia.,fi,education
medical advancements vaikuttaa merkittävästi yhteiskuntaan.,fi,health
Recent advancements in trade agreements have been remarkable.,en,economy
mental well-being vaikuttaa merkittävästi yhteiskuntaan.,fi,health
The mental well-being have a significant impact on society.,en,health
democratic systems on monien maiden ensisijainen tavoite.,fi,politics
Recent advancements in university programs have been remarkable.,en,education
The trade agreements have a significant impact on society.,en,economy
Recent advancements in political parties have been remarkable.,en,politics
The university programs have a significant impact on society.,en,education
Viimeaikaiset edistysaskeleet public health ovat olleet huomattavia.,fi,health
education reform is a priority for many nations.,en,education
mental well-being vaikuttaa merkittävästi yhteiskuntaan.,fi,health
The education reform have a significant impact on society.,en,education
political parties vaikuttaa merkittävästi yhteiskuntaan.,fi,politics
The school curriculum have a significant impact on society.,en,education
Viimeaikaiset edistysaskeleet nutrition programs ovat olleet huomattavia.,fi,health
global economy is a priority for many nations.,en,economy
financial growth vaikuttaa merkittävästi yhteiskuntaan.,fi,economy
nutrition programs is a priority for many nations.,en,health
Recent advancements in political parties have been remarkable.,en,politics
mental well-being on monien maiden ensisijainen tavoite.,fi,health
Viimeaikaiset edistysaskeleet elections ovat olleet huomattavia.,fi,politics
global economy vaikuttaa merkittävästi yhteiskuntaan.,fi,economy
learning systems is a priority for many nations.,en,education
school curriculum on monien maiden ensisijainen tavoite.,fi,education
global economy is a priority for many nations.,en,economy
The democratic systems have a significant impact on society.,en,politics
investment strategies on monien maiden ensisijainen tavoite.,fi,economy
student welfare on monien maiden ensisijainen tavoite.,fi,education
The legislative reforms have a significant impact on society.,en,politics
The economic policies have a significant impact on society.,en,economy
The teacher training have a significant impact on society.,en,education
The teacher training have a significant impact on society.,en,education
The economic policies have a significant impact on society.,en,economy
The nutrition programs have a significant impact on society.,en,health
university programs vaikuttaa merkittävästi yhteiskuntaan.,fi,education
student welfare vaikuttaa merkittävästi yhteiskuntaan.,fi,education
Recent advancements in school curriculum have been remarkable.,en,education
Recent advancements in mental well-being have been remarkable.,en,health
The investment strategies have a significant impact on society.,en,economy
teacher training vaikuttaa merkittävästi yhteiskuntaan.,fi,education
market stability on monien maiden ensisijainen tavoite.,fi,economy
The financial growth have a significant impact on society.,en,economy
Recent advancements in university programs have been remarkable.,en,education
Viimeaikaiset edistysaskeleet university programs ovat olleet huomattavia.,fi,education
student welfare vaikuttaa merkittävästi yhteiskuntaan.,fi,education
public health is a priority for many nations.,en,health
legislative reforms on monien maiden ensisijainen tavoite.,fi,politics
The investment strategies have a significant impact on society.,en,economy
The financial growth have a significant impact on society.,en,economy
market stability on monien maiden ensisijainen tavoite.,fi,economy
Viimeaikaiset edistysaskeleet nutrition programs ovat olleet huomattavia.,fi,health
The disease prevention have a significant impact on society.,en,health
school curriculum vaikuttaa merkittävästi yhteiskuntaan.,fi,education
Viimeaikaiset edistysaskeleet elections ovat olleet huomattavia.,fi,politics
Viimeaikaiset edistysaskeleet government policies ovat olleet huomattavia.,fi,politics
elections on monien maiden ensisijainen tavoite.,fi,politics
The democratic systems have a significant impact on society.,en,politics
healthcare access is a priority for many nations.,en,health
teacher training on monien maiden ensisijainen tavoite.,fi,education
The public health have a significant impact on society.,en,health
financial growth vaikuttaa merkittävästi yhteiskuntaan.,fi,economy
political parties is a priority for many nations.,en,politics
The political parties have a significant impact on society.,en,politics
Recent advancements in elections have been remarkable.,en,politics
Viimeaikaiset edistysaskeleet public health ovat olleet huomattavia.,fi,health
student welfare on monien maiden ensisijainen tavoite.,fi,education
investment strategies on monien maiden ensisijainen tavoite.,fi,economy
Recent advancements in public health have been remarkable.,en,health
trade agreements is a priority for many nations.,en,economy
school curriculum on monien maiden ensisijainen tavoite.,fi,education
medical advancements on monien maiden ensisijainen tavoite.,fi,health
Recent advancements in trade agreements have been remarkable.,en,economy
The university programs have a significant impact on society.,en,education
legislative reforms on monien maiden ensisijainen tavoite.,fi,politics
The government policies have a significant impact on society.,en,politics
The student welfare have a significant impact on society.,en,education
healthcare access on monien maiden ensisijainen tavoite.,fi,health
Viimeaikaiset edistysaskeleet medical advancements ovat olleet huomattavia.,fi,health
Viimeaikaiset edistysaskeleet political parties ovat olleet huomattavia.,fi,politics
Viimeaikaiset edistysaskeleet education reform ovat olleet huomattavia.,fi,education
The medical advancements have a significant impact on society.,en,health
The student welfare have a significant impact on society.,en,education
healthcare access vaikuttaa merkittävästi yhteiskuntaan.,fi,health
democratic systems vaikuttaa merkittävästi yhteiskuntaan.,fi,politics
nutrition programs on monien maiden ensisijainen tavoite.,fi,health
education reform vaikuttaa merkittävästi yhteiskuntaan.,fi,education
public health vaikuttaa merkittävästi yhteiskuntaan.,fi,health
Recent advancements in nutrition programs have been remarkable.,en,health
Recent advancements in economic policies have been remarkable.,en,economy
education reform vaikuttaa merkittävästi yhteiskuntaan.,fi,education
Viimeaikaiset edistysaskeleet healthcare access ovat olleet huomattavia.,fi,health
The government policies have a significant impact on society.,en,politics
Recent advancements in nutrition programs have been remarkable.,en,health
public health vaikuttaa merkittävästi yhteiskuntaan.,fi,health
nutrition programs vaikuttaa merkittävästi yhteiskuntaan.,fi,health
global economy on monien maiden ensisijainen tavoite.,fi,economy
Recent advancements in learning systems have been remarkable.,en,education
global economy on monien maiden ensisijainen tavoite.,fi,economy
university programs on monien maiden ensisijainen tavoite.,fi,education
democratic systems vaikuttaa merkittävästi yhteiskuntaan.,fi,politics
The elections have a significant impact on society.,en,politics
medical advancements vaikuttaa merkittävästi yhteiskuntaan.,fi,health
trade agreements on monien maiden ensisijainen tavoite.,fi,economy
economic policies vaikuttaa merkittävästi yhteiskuntaan.,fi,economy
medical advancements vaikuttaa merkittävästi yhteiskuntaan.,fi,health
Recent advancements in nutrition programs have been remarkable.,en,health
The teacher training have a significant impact on society.,en,education
Recent advancements in elections have been remarkable.,en,politics
Recent advancements in teacher training have been remarkable.,en,education
Recent advancements in international relations have been remarkable.,en,politics
political parties on monien maiden ensisijainen tavoite.,fi,politics
student welfare vaikuttaa merkittävästi yhteiskuntaan.,fi,education
learning systems vaikuttaa merkittävästi yhteiskuntaan.,fi,education
Recent advancements in university programs have been remarkable.,en,education
government policies vaikuttaa merkittävästi yhteiskuntaan.,fi,politics
Viimeaikaiset edistysaskeleet teacher training ovat olleet huomattavia.,fi,education
financial growth is a priority for many nations.,en,economy
The government policies have a significant impact on society.,en,politics
Recent advancements in school curriculum have been remarkable.,en,education
The disease prevention have a significant impact on society.,en,health
legislative reforms is a priority for many nations.,en,politics
The learning systems have a significant impact on society.,en,education
Recent advancements in economic policies have been remarkable.,en,economy
healthcare access on monien maiden ensisijainen tavoite.,fi,health
democratic systems vaikuttaa merkittävästi yhteiskuntaan.,fi,politics
Recent advancements in teacher training have been remarkable.,en,education
student welfare is a priority for many nations.,en,education
global economy is a priority for many nations.,en,economy
global economy vaikuttaa merkittävästi yhteiskuntaan.,fi,economy
Viimeaikaiset edistysaskeleet economic policies ovat olleet huomattavia.,fi,economy
disease prevention is a priority for many nations.,en,health
Recent advancements in healthcare access have been remarkable.,en,health
market stability vaikuttaa merkittävästi yhteiskuntaan.,fi,economy
The medical advancements have a significant impact on society.,en,health
student welfare vaikuttaa merkittävästi yhteiskuntaan.,fi,education
Recent advancements in healthcare access have been remarkable.,en,health
Viimeaikaiset edistysaskeleet disease prevention ovat olleet huomattavia.,fi,health
university programs is a priority for many nations.,en,education
The student welfare have a significant impact on society.,en,education
disease prevention vaikuttaa merkittävästi yhteiskuntaan.,fi,health
teacher training on monien maiden ensisijainen tavoite.,fi,education
healthcare access is a priority for many nations.,en,health
The democratic systems have a significant impact on society.,en,politics
disease prevention on monien maiden ensisijainen tavoite.,fi,health
Recent advancements in trade agreements have been remarkable.,en,economy
Recent advancements in student welfare have been remarkable.,en,education
democratic systems on monien maiden ensisijainen tavoite.,fi,politics
teacher training on monien maiden ensisijainen tavoite.,fi,education
The healthcare access have a significant impact on society.,en,health
learning systems is a priority for many nations.,en,education
The government policies have a significant impact on society.,en,politics
learning systems on monien maiden ensisijainen tavoite.,fi,education
government policies is a priority for many nations.,en,politics
democratic systems on monien maiden ensisijainen tavoite.,fi,politics
The school curriculum have a significant impact on society.,en,education
school curriculum vaikuttaa merkittävästi yhteiskuntaan.,fi,education
Recent advancements in mental well-being have been remarkable.,en,health
The disease prevention have a significant impact on society.,en,health
healthcare access vaikuttaa merkittävästi yhteiskuntaan.,fi,health
Viimeaikaiset edistysaskeleet nutrition programs ovat olleet huomattavia.,fi,health
healthcare access is a priority for many nations.,en,health
Viimeaikaiset edistysaskeleet disease prevention ovat olleet huomattavia.,fi,health
Viimeaikaiset edistysaskeleet nutrition programs ovat olleet huomattavia.,fi,health
learning systems on monien maiden ensisijainen tavoite.,fi,education
The democratic systems have a significant impact on society.,en,politics
global economy on monien maiden ensisijainen tavoite.,fi,economy
trade agreements on monien maiden ensisijainen tavoite.,fi,economy
Viimeaikaiset edistysaskeleet international relations ovat olleet huomattavia.,fi,politics
Recent advancements in education reform have been remarkable.,en,education
Viimeaikaiset edistysaskeleet economic policies ovat olleet huomattavia.,fi,economy
Recent advancements in investment strategies have been remarkable.,en,economy
nutrition programs on monien maiden ensisijainen tavoite.,fi,health
international relations is a priority for many nations.,en,politics
Recent advancements in teacher training have been remarkable.,en,education
trade agreements vaikuttaa merkittävästi yhteiskuntaan.,fi,economy
The investment strategies have a significant impact on society.,en,economy
university programs vaikuttaa merkittävästi yhteiskuntaan.,fi,education
Viimeaikaiset edistysaskeleet nutrition programs ovat olleet huomattavia.,fi,health
learning systems on monien maiden ensisijainen tavoite.,fi,education
medical advancements vaikuttaa merkittävästi yhteiskuntaan.,fi,health
teacher training vaikuttaa merkittävästi yhteiskuntaan.,fi,education
Recent advancements in learning systems have been remarkable.,en,education
global economy is a priority for many nations.,en,economy
Recent advancements in medical advancements have been remarkable.,en,health
The government policies have a significant impact on society.,en,politics
Recent advancements in elections have been remarkable.,en,politics
teacher training is a priority for many nations.,en,education
education reform is a priority for many nations.,en,education
legislative reforms on monien maiden ensisijainen tavoite.,fi,politics
Viimeaikaiset edistysaskeleet disease prevention ovat olleet huomattavia.,fi,health
Viimeaikaiset edistysaskeleet elections ovat olleet huomattavia.,fi,politics
school curriculum vaikuttaa merkittävästi yhteiskuntaan.,fi,education
Recent advancements in healthcare access have been remarkable.,en,health
Recent advancements in student welfare have been remarkable.,en,education
student welfare is a priority for many nations.,en,education
Recent advancements in public health have been remarkable.,en,health
disease prevention vaikuttaa merkittävästi yhteiskuntaan.,fi,health
The medical advancements have a significant impact on society.,en,health
international relations vaikuttaa merkittävästi yhteiskuntaan.,fi,politics
The school curriculum have a significant impact on society.,en,education
Recent advancements in medical advancements have been remarkable.,en,health
The global economy have a significant impact on society.,en,economy
Viimeaikaiset edistysaskeleet financial growth ovat olleet huomattavia.,fi,economy
investment strategies vaikuttaa merkittävästi yhteiskuntaan.,fi,economy
Viimeaikaiset edistysaskeleet public health ovat olleet huomattavia.,fi,health
