text,lang,category
The political parties have a significant impact on society.,en,politics
global economy on monien maiden ensisijainen tavoite.,fi,economy
government policies on monien maiden ensisijainen tavoite.,fi,politics
student welfare on monien maiden ensisijainen tavoite.,fi,education
political parties on monien maiden ensisijainen tavoite.,fi,politics
Viimeaikaiset edistysaskeleet political parties ovat olleet huomattavia.,fi,politics
Viimeaikaiset edistysaskeleet economic policies ovat olleet huomattavia.,fi,economy
The financial growth have a significant impact on society.,en,economy
Recent advancements in disease prevention have been remarkable.,en,health
The market stability have a significant impact on society.,en,economy
Recent advancements in disease prevention have been remarkable.,en,health
university programs vaikuttaa merkittävästi yhteiskuntaan.,fi,education
Viimeaikaiset edistysaskeleet school curriculum ovat olleet huomattavia.,fi,education
teacher training on monien maiden ensisijainen tavoite.,fi,education
global economy on monien maiden ensisijainen tavoite.,fi,economy
education reform on monien maiden ensisijainen tavoite.,fi,education
Recent advancements in international relations have been remarkable.,en,politics
financial growth on monien maiden ensisijainen tavoite.,fi,economy
medical advancements vaikuttaa merkittävästi yhteiskuntaan.,fi,health
nutrition programs on monien maiden ensisijainen tavoite.,fi,health
The medical advancements have a significant impact on society.,en,health
Viimeaikaiset edistysaskeleet legislative reforms ovat olleet huomattavia.,fi,politics
Recent advancements in healthcare access have been remarkable.,en,health
teacher training on monien maiden ensisijainen tavoite.,fi,education
teacher training vaikuttaa merkittävästi yhteiskuntaan.,fi,education
The legislative reforms have a significant impact on society.,en,politics
public health is a priority for many nations.,en,health
economic policies on monien maiden ensisijainen tavoite.,fi,economy
political parties on monien maiden ensisijainen tavoite.,fi,politics
